pokedex_number,name,primary_type,secondary_type,generation,height_m,weight_kg,base_experience,hp,attack,defense,special_attack,special_defense,speed
1,Bulbasaur,Grass,Poison,1,0.7,6.9,64.0,45,49,49,65,65,45
2,Ivysaur,Grass,Poison,1,1.0,13.0,142.0,60,62,63,80,80,60
3,Venusaur,Grass,Poison,1,2.0,100.0,236.0,80,82,83,100,100,80
4,Charmander,Fire,None,1,0.6,8.5,62.0,39,52,43,60,50,65
5,Charmeleon,Fire,None,1,1.1,19.0,142.0,58,64,58,80,65,80
6,Charizard,Fire,Flying,1,1.7,90.5,240.0,78,84,78,109,85,100
7,Squirtle,Water,None,1,0.5,9.0,63.0,44,48,65,50,64,43
8,Wartortle,Water,None,1,1.0,22.5,142.0,59,63,80,65,80,58
9,Blastoise,Water,None,1,1.6,85.5,239.0,79,83,100,85,105,78
10,Caterpie,Bug,None,1,0.3,2.9,39.0,45,30,35,20,20,45
11,Metapod,Bug,None,1,0.7,9.9,72.0,50,20,55,25,25,30
12,Butterfree,Bug,Flying,1,1.1,32.0,178.0,60,45,50,90,80,70
13,Weedle,Bug,Poison,1,0.3,3.2,39.0,40,35,30,20,20,50
14,Kakuna,Bug,Poison,1,0.6,10.0,72.0,45,25,50,25,25,35
15,Beedrill,Bug,Poison,1,1.0,29.5,178.0,65,90,40,45,80,75
16,Pidgey,Normal,Flying,1,0.3,1.8,50.0,40,45,40,35,35,56
17,Pidgeotto,Normal,Flying,1,1.1,30.0,122.0,63,60,55,50,50,71
18,Pidgeot,Normal,Flying,1,1.5,39.5,216.0,83,80,75,70,70,101
19,Rattata,Normal,None,1,0.3,3.5,51.0,30,56,35,25,35,72
20,Raticate,Normal,None,1,0.7,18.5,145.0,55,81,60,50,70,97
21,Spearow,Normal,Flying,1,0.3,2.0,52.0,40,60,30,31,31,70
22,Fearow,Normal,Flying,1,1.2,38.0,155.0,65,90,65,61,61,100
23,Ekans,Poison,None,1,2.0,6.9,58.0,35,60,44,40,54,55
24,Arbok,Poison,None,1,3.5,65.0,157.0,60,95,69,65,79,80
25,Pikachu,Electric,None,1,0.4,6.0,112.0,35,55,40,50,50,90
26,Raichu,Electric,None,1,0.8,30.0,218.0,60,90,55,90,80,110
27,Sandshrew,Ground,None,1,0.6,12.0,60.0,50,75,85,20,30,40
28,Sandslash,Ground,None,1,1.0,29.5,158.0,75,100,110,45,55,65
29,Nidoran♀,Poison,None,1,0.4,7.0,55.0,55,47,52,40,40,41
30,Nidorina,Poison,None,1,0.8,20.0,128.0,70,62,67,55,55,56
31,Nidoqueen,Poison,Ground,1,1.3,60.0,227.0,90,92,87,75,85,76
32,Nidoran♂,Poison,None,1,0.5,9.0,55.0,46,57,40,40,40,50
33,Nidorino,Poison,None,1,0.9,19.5,128.0,61,72,57,55,55,65
34,Nidoking,Poison,Ground,1,1.4,62.0,227.0,81,102,77,85,75,85
35,Clefairy,Fairy,None,1,0.6,7.5,113.0,70,45,48,60,65,35
36,Clefable,Fairy,None,1,1.3,40.0,217.0,95,70,73,95,90,60
37,Vulpix,Fire,None,1,0.6,9.9,60.0,38,41,40,50,65,65
38,Ninetales,Fire,None,1,1.1,19.9,177.0,73,76,75,81,100,100
39,Jigglypuff,Normal,Fairy,1,0.5,5.5,95.0,115,45,20,45,25,20
40,Wigglytuff,Normal,Fairy,1,1.0,12.0,196.0,140,70,45,85,50,45
41,Zubat,Poison,Flying,1,0.8,7.5,49.0,40,45,35,30,40,55
42,Golbat,Poison,Flying,1,1.6,55.0,159.0,75,80,70,65,75,90
43,Oddish,Grass,Poison,1,0.5,5.4,64.0,45,50,55,75,65,30
44,Gloom,Grass,Poison,1,0.8,8.6,138.0,60,65,70,85,75,40
45,Vileplume,Grass,Poison,1,1.2,18.6,221.0,75,80,85,110,90,50
46,Paras,Bug,Grass,1,0.3,5.4,57.0,35,70,55,45,55,25
47,Parasect,Bug,Grass,1,1.0,29.5,142.0,60,95,80,60,80,30
48,Venonat,Bug,Poison,1,1.0,30.0,61.0,60,55,50,40,55,45
49,Venomoth,Bug,Poison,1,1.5,12.5,158.0,70,65,60,90,75,90
50,Diglett,Ground,None,1,0.2,0.8,53.0,10,55,25,35,45,95
51,Dugtrio,Ground,None,1,0.7,33.3,149.0,35,100,50,50,70,120
52,Meowth,Normal,None,1,0.4,4.2,58.0,40,45,35,40,40,90
53,Persian,Normal,None,1,1.0,32.0,154.0,65,70,60,65,65,115
54,Psyduck,Water,None,1,0.8,19.6,64.0,50,52,48,65,50,55
55,Golduck,Water,None,1,1.7,76.6,175.0,80,82,78,95,80,85
56,Mankey,Fighting,None,1,0.5,28.0,61.0,40,80,35,35,45,70
57,Primeape,Fighting,None,1,1.0,32.0,159.0,65,105,60,60,70,95
58,Growlithe,Fire,None,1,0.7,19.0,70.0,55,70,45,70,50,60
59,Arcanine,Fire,None,1,1.9,155.0,194.0,90,110,80,100,80,95
60,Poliwag,Water,None,1,0.6,12.4,60.0,40,50,40,40,40,90
61,Poliwhirl,Water,None,1,1.0,20.0,135.0,65,65,65,50,50,90
62,Poliwrath,Water,Fighting,1,1.3,54.0,230.0,90,95,95,70,90,70
63,Abra,Psychic,None,1,0.9,19.5,62.0,25,20,15,105,55,90
64,Kadabra,Psychic,None,1,1.3,56.5,140.0,40,35,30,120,70,105
65,Alakazam,Psychic,None,1,1.5,48.0,225.0,55,50,45,135,95,120
66,Machop,Fighting,None,1,0.8,19.5,61.0,70,80,50,35,35,35
67,Machoke,Fighting,None,1,1.5,70.5,142.0,80,100,70,50,60,45
68,Machamp,Fighting,None,1,1.6,130.0,227.0,90,130,80,65,85,55
69,Bellsprout,Grass,Poison,1,0.7,4.0,60.0,50,75,35,70,30,40
70,Weepinbell,Grass,Poison,1,1.0,6.4,137.0,65,90,50,85,45,55
71,Victreebel,Grass,Poison,1,1.7,15.5,221.0,80,105,65,100,70,70
72,Tentacool,Water,Poison,1,0.9,45.5,67.0,40,40,35,50,100,70
73,Tentacruel,Water,Poison,1,1.6,55.0,180.0,80,70,65,80,120,100
74,Geodude,Rock,Ground,1,0.4,20.0,60.0,40,80,100,30,30,20
75,Graveler,Rock,Ground,1,1.0,105.0,137.0,55,95,115,45,45,35
76,Golem,Rock,Ground,1,1.4,300.0,223.0,80,120,130,55,65,45
77,Ponyta,Fire,None,1,1.0,30.0,82.0,50,85,55,65,65,90
78,Rapidash,Fire,None,1,1.7,95.0,175.0,65,100,70,80,80,105
79,Slowpoke,Water,Psychic,1,1.2,36.0,63.0,90,65,65,40,40,15
80,Slowbro,Water,Psychic,1,1.6,78.5,172.0,95,75,110,100,80,30
81,Magnemite,Electric,Steel,1,0.3,6.0,65.0,25,35,70,95,55,45
82,Magneton,Electric,Steel,1,1.0,60.0,163.0,50,60,95,120,70,70
83,Farfetch’d,Normal,Flying,1,0.8,15.0,132.0,52,90,55,58,62,60
84,Doduo,Normal,Flying,1,1.4,39.2,62.0,35,85,45,35,35,75
85,Dodrio,Normal,Flying,1,1.8,85.2,165.0,60,110,70,60,60,110
86,Seel,Water,None,1,1.1,90.0,65.0,65,45,55,45,70,45
87,Dewgong,Water,Ice,1,1.7,120.0,166.0,90,70,80,70,95,70
88,Grimer,Poison,None,1,0.9,30.0,65.0,80,80,50,40,50,25
89,Muk,Poison,None,1,1.2,30.0,175.0,105,105,75,65,100,50
90,Shellder,Water,None,1,0.3,4.0,61.0,30,65,100,45,25,40
91,Cloyster,Water,Ice,1,1.5,132.5,184.0,50,95,180,85,45,70
92,Gastly,Ghost,Poison,1,1.3,0.1,62.0,30,35,30,100,35,80
93,Haunter,Ghost,Poison,1,1.6,0.1,142.0,45,50,45,115,55,95
94,Gengar,Ghost,Poison,1,1.5,40.5,225.0,60,65,60,130,75,110
95,Onix,Rock,Ground,1,8.8,210.0,77.0,35,45,160,30,45,70
96,Drowzee,Psychic,None,1,1.0,32.4,66.0,60,48,45,43,90,42
97,Hypno,Psychic,None,1,1.6,75.6,169.0,85,73,70,73,115,67
98,Krabby,Water,None,1,0.4,6.5,65.0,30,105,90,25,25,50
99,Kingler,Water,None,1,1.3,60.0,166.0,55,130,115,50,50,75
100,Voltorb,Electric,None,1,0.5,10.4,66.0,40,30,50,55,55,100
101,Electrode,Electric,None,1,1.2,66.6,172.0,60,50,70,80,80,150
102,Exeggcute,Grass,Psychic,1,0.4,2.5,65.0,60,40,80,60,45,40
103,Exeggutor,Grass,Psychic,1,2.0,120.0,186.0,95,95,85,125,75,55
104,Cubone,Ground,None,1,0.4,6.5,64.0,50,50,95,40,50,35
105,Marowak,Ground,None,1,1.0,45.0,149.0,60,80,110,50,80,45
106,Hitmonlee,Fighting,None,1,1.5,49.8,159.0,50,120,53,35,110,87
107,Hitmonchan,Fighting,None,1,1.4,50.2,159.0,50,105,79,35,110,76
108,Lickitung,Normal,None,1,1.2,65.5,77.0,90,55,75,60,75,30
109,Koffing,Poison,None,1,0.6,1.0,68.0,40,65,95,60,45,35
110,Weezing,Poison,None,1,1.2,9.5,172.0,65,90,120,85,70,60
111,Rhyhorn,Ground,Rock,1,1.0,115.0,69.0,80,85,95,30,30,25
112,Rhydon,Ground,Rock,1,1.9,120.0,170.0,105,130,120,45,45,40
113,Chansey,Normal,None,1,1.1,34.6,395.0,250,5,5,35,105,50
114,Tangela,Grass,None,1,1.0,35.0,87.0,65,55,115,100,40,60
115,Kangaskhan,Normal,None,1,2.2,80.0,172.0,105,95,80,40,80,90
116,Horsea,Water,None,1,0.4,8.0,59.0,30,40,70,70,25,60
117,Seadra,Water,None,1,1.2,25.0,154.0,55,65,95,95,45,85
118,Goldeen,Water,None,1,0.6,15.0,64.0,45,67,60,35,50,63
119,Seaking,Water,None,1,1.3,39.0,158.0,80,92,65,65,80,68
120,Staryu,Water,None,1,0.8,34.5,68.0,30,45,55,70,55,85
121,Starmie,Water,Psychic,1,1.1,80.0,182.0,60,75,85,100,85,115
122,Mr. Mime,Psychic,Fairy,1,1.3,54.5,161.0,40,45,65,100,120,90
123,Scyther,Bug,Flying,1,1.5,56.0,100.0,70,110,80,55,80,105
124,Jynx,Ice,Psychic,1,1.4,40.6,159.0,65,50,35,115,95,95
125,Electabuzz,Electric,None,1,1.1,30.0,172.0,65,83,57,95,85,105
126,Magmar,Fire,None,1,1.3,44.5,173.0,65,95,57,100,85,93
127,Pinsir,Bug,None,1,1.5,55.0,175.0,65,125,100,55,70,85
128,Tauros,Normal,None,1,1.4,88.4,172.0,75,100,95,40,70,110
129,Magikarp,Water,None,1,0.9,10.0,40.0,20,10,55,15,20,80
130,Gyarados,Water,Flying,1,6.5,235.0,189.0,95,125,79,60,100,81
131,Lapras,Water,Ice,1,2.5,220.0,187.0,130,85,80,85,95,60
132,Ditto,Normal,None,1,0.3,4.0,101.0,48,48,48,48,48,48
133,Eevee,Normal,None,1,0.3,6.5,65.0,55,55,50,45,65,55
134,Vaporeon,Water,None,1,1.0,29.0,184.0,130,65,60,110,95,65
135,Jolteon,Electric,None,1,0.8,24.5,184.0,65,65,60,110,95,130
136,Flareon,Fire,None,1,0.9,25.0,184.0,65,130,60,95,110,65
137,Porygon,Normal,None,1,0.8,36.5,79.0,65,60,70,85,75,40
138,Omanyte,Rock,Water,1,0.4,7.5,71.0,35,40,100,90,55,35
139,Omastar,Rock,Water,1,1.0,35.0,173.0,70,60,125,115,70,55
140,Kabuto,Rock,Water,1,0.5,11.5,71.0,30,80,90,55,45,55
141,Kabutops,Rock,Water,1,1.3,40.5,173.0,60,115,105,65,70,80
142,Aerodactyl,Rock,Flying,1,1.8,59.0,180.0,80,105,65,60,75,130
143,Snorlax,Normal,None,1,2.1,460.0,189.0,160,110,65,65,110,30
144,Articuno,Ice,Flying,1,1.7,55.4,261.0,90,85,100,95,125,85
145,Zapdos,Electric,Flying,1,1.6,52.6,261.0,90,90,85,125,90,100
146,Moltres,Fire,Flying,1,2.0,60.0,261.0,90,100,90,125,85,90
147,Dratini,Dragon,None,1,1.8,3.3,60.0,41,64,45,50,50,50
148,Dragonair,Dragon,None,1,4.0,16.5,147.0,61,84,65,70,70,70
149,Dragonite,Dragon,Flying,1,2.2,210.0,270.0,91,134,95,100,100,80
150,Mewtwo,Psychic,None,1,2.0,122.0,306.0,106,110,90,154,90,130
151,Mew,Psychic,None,1,0.4,4.0,270.0,100,100,100,100,100,100
152,Chikorita,Grass,None,2,0.9,6.4,64.0,45,49,65,49,65,45
153,Bayleef,Grass,None,2,1.2,15.8,142.0,60,62,80,63,80,60
154,Meganium,Grass,None,2,1.8,100.5,236.0,80,82,100,83,100,80
155,Cyndaquil,Fire,None,2,0.5,7.9,62.0,39,52,43,60,50,65
156,Quilava,Fire,None,2,0.9,19.0,142.0,58,64,58,80,65,80
157,Typhlosion,Fire,None,2,1.7,79.5,240.0,78,84,78,109,85,100
158,Totodile,Water,None,2,0.6,9.5,63.0,50,65,64,44,48,43
159,Croconaw,Water,None,2,1.1,25.0,142.0,65,80,80,59,63,58
160,Feraligatr,Water,None,2,2.3,88.8,239.0,85,105,100,79,83,78
161,Sentret,Normal,None,2,0.8,6.0,43.0,35,46,34,35,45,20
162,Furret,Normal,None,2,1.8,32.5,145.0,85,76,64,45,55,90
163,Hoothoot,Normal,Flying,2,0.7,21.2,52.0,60,30,30,36,56,50
164,Noctowl,Normal,Flying,2,1.6,40.8,158.0,100,50,50,86,96,70
165,Ledyba,Bug,Flying,2,1.0,10.8,53.0,40,20,30,40,80,55
166,Ledian,Bug,Flying,2,1.4,35.6,137.0,55,35,50,55,110,85
167,Spinarak,Bug,Poison,2,0.5,8.5,50.0,40,60,40,40,40,30
168,Ariados,Bug,Poison,2,1.1,33.5,140.0,70,90,70,60,70,40
169,Crobat,Poison,Flying,2,1.8,75.0,241.0,85,90,80,70,80,130
170,Chinchou,Water,Electric,2,0.5,12.0,66.0,75,38,38,56,56,67
171,Lanturn,Water,Electric,2,1.2,22.5,161.0,125,58,58,76,76,67
172,Pichu,Electric,None,2,0.3,2.0,41.0,20,40,15,35,35,60
173,Cleffa,Fairy,None,2,0.3,3.0,44.0,50,25,28,45,55,15
174,Igglybuff,Normal,Fairy,2,0.3,1.0,42.0,90,30,15,40,20,15
175,Togepi,Fairy,None,2,0.3,1.5,49.0,35,20,65,40,65,20
176,Togetic,Fairy,Flying,2,0.6,3.2,142.0,55,40,85,80,105,40
177,Natu,Psychic,Flying,2,0.2,2.0,64.0,40,50,45,70,45,70
178,Xatu,Psychic,Flying,2,1.5,15.0,165.0,65,75,70,95,70,95
179,Mareep,Electric,None,2,0.6,7.8,56.0,55,40,40,65,45,35
180,Flaaffy,Electric,None,2,0.8,13.3,128.0,70,55,55,80,60,45
181,Ampharos,Electric,None,2,1.4,61.5,230.0,90,75,85,115,90,55
182,Bellossom,Grass,None,2,0.4,5.8,221.0,75,80,95,90,100,50
183,Marill,Water,Fairy,2,0.4,8.5,88.0,70,20,50,20,50,40
184,Azumarill,Water,Fairy,2,0.8,28.5,189.0,100,50,80,60,80,50
185,Sudowoodo,Rock,None,2,1.2,38.0,144.0,70,100,115,30,65,30
186,Politoed,Water,None,2,1.1,33.9,225.0,90,75,75,90,100,70
187,Hoppip,Grass,Flying,2,0.4,0.5,50.0,35,35,40,35,55,50
188,Skiploom,Grass,Flying,2,0.6,1.0,119.0,55,45,50,45,65,80
189,Jumpluff,Grass,Flying,2,0.8,3.0,207.0,75,55,70,55,95,110
190,Aipom,Normal,None,2,0.8,11.5,72.0,55,70,55,40,55,85
191,Sunkern,Grass,None,2,0.3,1.8,36.0,30,30,30,30,30,30
192,Sunflora,Grass,None,2,0.8,8.5,149.0,75,75,55,105,85,30
193,Yanma,Bug,Flying,2,1.2,38.0,78.0,65,65,45,75,45,95
194,Wooper,Water,Ground,2,0.4,8.5,42.0,55,45,45,25,25,15
195,Quagsire,Water,Ground,2,1.4,75.0,151.0,95,85,85,65,65,35
196,Espeon,Psychic,None,2,0.9,26.5,184.0,65,65,60,130,95,110
197,Umbreon,Dark,None,2,1.0,27.0,184.0,95,65,110,60,130,65
198,Murkrow,Dark,Flying,2,0.5,2.1,81.0,60,85,42,85,42,91
199,Slowking,Water,Psychic,2,2.0,79.5,172.0,95,75,80,100,110,30
200,Misdreavus,Ghost,None,2,0.7,1.0,87.0,60,60,60,85,85,85
201,Unown,Psychic,None,2,0.5,5.0,118.0,48,72,48,72,48,48
202,Wobbuffet,Psychic,None,2,1.3,28.5,142.0,190,33,58,33,58,33
203,Girafarig,Normal,Psychic,2,1.5,41.5,159.0,70,80,65,90,65,85
204,Pineco,Bug,None,2,0.6,7.2,58.0,50,65,90,35,35,15
205,Forretress,Bug,Steel,2,1.2,125.8,163.0,75,90,140,60,60,40
206,Dunsparce,Normal,None,2,1.5,14.0,145.0,100,70,70,65,65,45
207,Gligar,Ground,Flying,2,1.1,64.8,86.0,65,75,105,35,65,85
208,Steelix,Steel,Ground,2,9.2,400.0,179.0,75,85,200,55,65,30
209,Snubbull,Fairy,None,2,0.6,7.8,60.0,60,80,50,40,40,30
210,Granbull,Fairy,None,2,1.4,48.7,158.0,90,120,75,60,60,45
211,Qwilfish,Water,Poison,2,0.5,3.9,88.0,65,95,85,55,55,85
212,Scizor,Bug,Steel,2,1.8,118.0,175.0,70,130,100,55,80,65
213,Shuckle,Bug,Rock,2,0.6,20.5,177.0,20,10,230,10,230,5
214,Heracross,Bug,Fighting,2,1.5,54.0,175.0,80,125,75,40,95,85
215,Sneasel,Dark,Ice,2,0.9,28.0,86.0,55,95,55,35,75,115
216,Teddiursa,Normal,None,2,0.6,8.8,66.0,60,80,50,50,50,40
217,Ursaring,Normal,None,2,1.8,125.8,175.0,90,130,75,75,75,55
218,Slugma,Fire,None,2,0.7,35.0,50.0,40,40,40,70,40,20
219,Magcargo,Fire,Rock,2,0.8,55.0,151.0,60,50,120,90,80,30
220,Swinub,Ice,Ground,2,0.4,6.5,50.0,50,50,40,30,30,50
221,Piloswine,Ice,Ground,2,1.1,55.8,158.0,100,100,80,60,60,50
222,Corsola,Water,Rock,2,0.6,5.0,144.0,65,55,95,65,95,35
223,Remoraid,Water,None,2,0.6,12.0,60.0,35,65,35,65,35,65
224,Octillery,Water,None,2,0.9,28.5,168.0,75,105,75,105,75,45
225,Delibird,Ice,Flying,2,0.9,16.0,116.0,45,55,45,65,45,75
226,Mantine,Water,Flying,2,2.1,220.0,170.0,85,40,70,80,140,70
227,Skarmory,Steel,Flying,2,1.7,50.5,163.0,65,80,140,40,70,70
228,Houndour,Dark,Fire,2,0.6,10.8,66.0,45,60,30,80,50,65
229,Houndoom,Dark,Fire,2,1.4,35.0,175.0,75,90,50,110,80,95
230,Kingdra,Water,Dragon,2,1.8,152.0,243.0,75,95,95,95,95,85
231,Phanpy,Ground,None,2,0.5,33.5,66.0,90,60,60,40,40,40
232,Donphan,Ground,None,2,1.1,120.0,175.0,90,120,120,60,60,50
233,Porygon2,Normal,None,2,0.6,32.5,180.0,85,80,90,105,95,60
234,Stantler,Normal,None,2,1.4,71.2,163.0,73,95,62,85,65,85
235,Smeargle,Normal,None,2,1.2,58.0,88.0,55,20,35,20,45,75
236,Tyrogue,Fighting,None,2,0.7,21.0,42.0,35,35,35,35,35,35
237,Hitmontop,Fighting,None,2,1.4,48.0,159.0,50,95,95,35,110,70
238,Smoochum,Ice,Psychic,2,0.4,6.0,61.0,45,30,15,85,65,65
239,Elekid,Electric,None,2,0.6,23.5,72.0,45,63,37,65,55,95
240,Magby,Fire,None,2,0.7,21.4,73.0,45,75,37,70,55,83
241,Miltank,Normal,None,2,1.2,75.5,172.0,95,80,105,40,70,100
242,Blissey,Normal,None,2,1.5,46.8,608.0,255,10,10,75,135,55
243,Raikou,Electric,None,2,1.9,178.0,261.0,90,85,75,115,100,115
244,Entei,Fire,None,2,2.1,198.0,261.0,115,115,85,90,75,100
245,Suicune,Water,None,2,2.0,187.0,261.0,100,75,115,90,115,85
246,Larvitar,Rock,Ground,2,0.6,72.0,60.0,50,64,50,45,50,41
247,Pupitar,Rock,Ground,2,1.2,152.0,144.0,70,84,70,65,70,51
248,Tyranitar,Rock,Dark,2,2.0,202.0,270.0,100,134,110,95,100,61
249,Lugia,Psychic,Flying,2,5.2,216.0,306.0,106,90,130,90,154,110
250,Ho-Oh,Fire,Flying,2,3.8,199.0,306.0,106,130,90,110,154,90
251,Celebi,Psychic,Grass,2,0.6,5.0,270.0,100,100,100,100,100,100
252,Treecko,Grass,None,3,0.5,5.0,62.0,40,45,35,65,55,70
253,Grovyle,Grass,None,3,0.9,21.6,142.0,50,65,45,85,65,95
254,Sceptile,Grass,None,3,1.7,52.2,239.0,70,85,65,105,85,120
255,Torchic,Fire,None,3,0.4,2.5,62.0,45,60,40,70,50,45
256,Combusken,Fire,Fighting,3,0.9,19.5,142.0,60,85,60,85,60,55
257,Blaziken,Fire,Fighting,3,1.9,52.0,239.0,80,120,70,110,70,80
258,Mudkip,Water,None,3,0.4,7.6,62.0,50,70,50,50,50,40
259,Marshtomp,Water,Ground,3,0.7,28.0,142.0,70,85,70,60,70,50
260,Swampert,Water,Ground,3,1.5,81.9,241.0,100,110,90,85,90,60
261,Poochyena,Dark,None,3,0.5,13.6,56.0,35,55,35,30,30,35
262,Mightyena,Dark,None,3,1.0,37.0,147.0,70,90,70,60,60,70
263,Zigzagoon,Normal,None,3,0.4,17.5,56.0,38,30,41,30,41,60
264,Linoone,Normal,None,3,0.5,32.5,147.0,78,70,61,50,61,100
265,Wurmple,Bug,None,3,0.3,3.6,56.0,45,45,35,20,30,20
266,Silcoon,Bug,None,3,0.6,10.0,72.0,50,35,55,25,25,15
267,Beautifly,Bug,Flying,3,1.0,28.4,178.0,60,70,50,100,50,65
268,Cascoon,Bug,None,3,0.7,11.5,72.0,50,35,55,25,25,15
269,Dustox,Bug,Poison,3,1.2,31.6,173.0,60,50,70,50,90,65
270,Lotad,Water,Grass,3,0.5,2.6,44.0,40,30,30,40,50,30
271,Lombre,Water,Grass,3,1.2,32.5,119.0,60,50,50,60,70,50
272,Ludicolo,Water,Grass,3,1.5,55.0,216.0,80,70,70,90,100,70
273,Seedot,Grass,None,3,0.5,4.0,44.0,40,40,50,30,30,30
274,Nuzleaf,Grass,Dark,3,1.0,28.0,119.0,70,70,40,60,40,60
275,Shiftry,Grass,Dark,3,1.3,59.6,216.0,90,100,60,90,60,80
276,Taillow,Normal,Flying,3,0.3,2.3,54.0,40,55,30,30,30,85
277,Swellow,Normal,Flying,3,0.7,19.8,159.0,60,85,60,75,50,125
278,Wingull,Water,Flying,3,0.6,9.5,54.0,40,30,30,55,30,85
279,Pelipper,Water,Flying,3,1.2,28.0,154.0,60,50,100,95,70,65
280,Ralts,Psychic,Fairy,3,0.4,6.6,40.0,28,25,25,45,35,40
281,Kirlia,Psychic,Fairy,3,0.8,20.2,97.0,38,35,35,65,55,50
282,Gardevoir,Psychic,Fairy,3,1.6,48.4,233.0,68,65,65,125,115,80
283,Surskit,Bug,Water,3,0.5,1.7,54.0,40,30,32,50,52,65
284,Masquerain,Bug,Flying,3,0.8,3.6,159.0,70,60,62,100,82,80
285,Shroomish,Grass,None,3,0.4,4.5,59.0,60,40,60,40,60,35
286,Breloom,Grass,Fighting,3,1.2,39.2,161.0,60,130,80,60,60,70
287,Slakoth,Normal,None,3,0.8,24.0,56.0,60,60,60,35,35,30
288,Vigoroth,Normal,None,3,1.4,46.5,154.0,80,80,80,55,55,90
289,Slaking,Normal,None,3,2.0,130.5,252.0,150,160,100,95,65,100
290,Nincada,Bug,Ground,3,0.5,5.5,53.0,31,45,90,30,30,40
291,Ninjask,Bug,Flying,3,0.8,12.0,160.0,61,90,45,50,50,160
292,Shedinja,Bug,Ghost,3,0.8,1.2,83.0,1,90,45,30,30,40
293,Whismur,Normal,None,3,0.6,16.3,48.0,64,51,23,51,23,28
294,Loudred,Normal,None,3,1.0,40.5,126.0,84,71,43,71,43,48
295,Exploud,Normal,None,3,1.5,84.0,221.0,104,91,63,91,73,68
296,Makuhita,Fighting,None,3,1.0,86.4,47.0,72,60,30,20,30,25
297,Hariyama,Fighting,None,3,2.3,253.8,166.0,144,120,60,40,60,50
298,Azurill,Normal,Fairy,3,0.2,2.0,38.0,50,20,40,20,40,20
299,Nosepass,Rock,None,3,1.0,97.0,75.0,30,45,135,45,90,30
300,Skitty,Normal,None,3,0.6,11.0,52.0,50,45,45,35,35,50
301,Delcatty,Normal,None,3,1.1,32.6,140.0,70,65,65,55,55,90
302,Sableye,Dark,Ghost,3,0.5,11.0,133.0,50,75,75,65,65,50
303,Mawile,Steel,Fairy,3,0.6,11.5,133.0,50,85,85,55,55,50
304,Aron,Steel,Rock,3,0.4,60.0,66.0,50,70,100,40,40,30
305,Lairon,Steel,Rock,3,0.9,120.0,151.0,60,90,140,50,50,40
306,Aggron,Steel,Rock,3,2.1,360.0,239.0,70,110,180,60,60,50
307,Meditite,Fighting,Psychic,3,0.6,11.2,56.0,30,40,55,40,55,60
308,Medicham,Fighting,Psychic,3,1.3,31.5,144.0,60,60,75,60,75,80
309,Electrike,Electric,None,3,0.6,15.2,59.0,40,45,40,65,40,65
310,Manectric,Electric,None,3,1.5,40.2,166.0,70,75,60,105,60,105
311,Plusle,Electric,None,3,0.4,4.2,142.0,60,50,40,85,75,95
312,Minun,Electric,None,3,0.4,4.2,142.0,60,40,50,75,85,95
313,Volbeat,Bug,None,3,0.7,17.7,151.0,65,73,75,47,85,85
314,Illumise,Bug,None,3,0.6,17.7,151.0,65,47,75,73,85,85
315,Roselia,Grass,Poison,3,0.3,2.0,140.0,50,60,45,100,80,65
316,Gulpin,Poison,None,3,0.4,10.3,60.0,70,43,53,43,53,40
317,Swalot,Poison,None,3,1.7,80.0,163.0,100,73,83,73,83,55
318,Carvanha,Water,Dark,3,0.8,20.8,61.0,45,90,20,65,20,65
319,Sharpedo,Water,Dark,3,1.8,88.8,161.0,70,120,40,95,40,95
320,Wailmer,Water,None,3,2.0,130.0,80.0,130,70,35,70,35,60
321,Wailord,Water,None,3,14.5,398.0,175.0,170,90,45,90,45,60
322,Numel,Fire,Ground,3,0.7,24.0,61.0,60,60,40,65,45,35
323,Camerupt,Fire,Ground,3,1.9,220.0,161.0,70,100,70,105,75,40
324,Torkoal,Fire,None,3,0.5,80.4,165.0,70,85,140,85,70,20
325,Spoink,Psychic,None,3,0.7,30.6,66.0,60,25,35,70,80,60
326,Grumpig,Psychic,None,3,0.9,71.5,165.0,80,45,65,90,110,80
327,Spinda,Normal,None,3,1.1,5.0,126.0,60,60,60,60,60,60
328,Trapinch,Ground,None,3,0.7,15.0,58.0,45,100,45,45,45,10
329,Vibrava,Ground,Dragon,3,1.1,15.3,119.0,50,70,50,50,50,70
330,Flygon,Ground,Dragon,3,2.0,82.0,234.0,80,100,80,80,80,100
331,Cacnea,Grass,None,3,0.4,51.3,67.0,50,85,40,85,40,35
332,Cacturne,Grass,Dark,3,1.3,77.4,166.0,70,115,60,115,60,55
333,Swablu,Normal,Flying,3,0.4,1.2,62.0,45,40,60,40,75,50
334,Altaria,Dragon,Flying,3,1.1,20.6,172.0,75,70,90,70,105,80
335,Zangoose,Normal,None,3,1.3,40.3,160.0,73,115,60,60,60,90
336,Seviper,Poison,None,3,2.7,52.5,160.0,73,100,60,100,60,65
337,Lunatone,Rock,Psychic,3,1.0,168.0,161.0,90,55,65,95,85,70
338,Solrock,Rock,Psychic,3,1.2,154.0,161.0,90,95,85,55,65,70
339,Barboach,Water,Ground,3,0.4,1.9,58.0,50,48,43,46,41,60
340,Whiscash,Water,Ground,3,0.9,23.6,164.0,110,78,73,76,71,60
341,Corphish,Water,None,3,0.6,11.5,62.0,43,80,65,50,35,35
342,Crawdaunt,Water,Dark,3,1.1,32.8,164.0,63,120,85,90,55,55
343,Baltoy,Ground,Psychic,3,0.5,21.5,60.0,40,40,55,40,70,55
344,Claydol,Ground,Psychic,3,1.5,108.0,175.0,60,70,105,70,120,75
345,Lileep,Rock,Grass,3,1.0,23.8,71.0,66,41,77,61,87,23
346,Cradily,Rock,Grass,3,1.5,60.4,173.0,86,81,97,81,107,43
347,Anorith,Rock,Bug,3,0.7,12.5,71.0,45,95,50,40,50,75
348,Armaldo,Rock,Bug,3,1.5,68.2,173.0,75,125,100,70,80,45
349,Feebas,Water,None,3,0.6,7.4,40.0,20,15,20,10,55,80
350,Milotic,Water,None,3,6.2,162.0,189.0,95,60,79,100,125,81
351,Castform,Normal,None,3,0.3,0.8,147.0,70,70,70,70,70,70
352,Kecleon,Normal,None,3,1.0,22.0,154.0,60,90,70,60,120,40
353,Shuppet,Ghost,None,3,0.6,2.3,59.0,44,75,35,63,33,45
354,Banette,Ghost,None,3,1.1,12.5,159.0,64,115,65,83,63,65
355,Duskull,Ghost,None,3,0.8,15.0,59.0,20,40,90,30,90,25
356,Dusclops,Ghost,None,3,1.6,30.6,159.0,40,70,130,60,130,25
357,Tropius,Grass,Flying,3,2.0,100.0,161.0,99,68,83,72,87,51
358,Chimecho,Psychic,None,3,0.6,1.0,159.0,75,50,80,95,90,65
359,Absol,Dark,None,3,1.2,47.0,163.0,65,130,60,75,60,75
360,Wynaut,Psychic,None,3,0.6,14.0,52.0,95,23,48,23,48,23
361,Snorunt,Ice,None,3,0.7,16.8,60.0,50,50,50,50,50,50
362,Glalie,Ice,None,3,1.5,256.5,168.0,80,80,80,80,80,80
363,Spheal,Ice,Water,3,0.8,39.5,58.0,70,40,50,55,50,25
364,Sealeo,Ice,Water,3,1.1,87.6,144.0,90,60,70,75,70,45
365,Walrein,Ice,Water,3,1.4,150.6,239.0,110,80,90,95,90,65
366,Clamperl,Water,None,3,0.4,52.5,69.0,35,64,85,74,55,32
367,Huntail,Water,None,3,1.7,27.0,170.0,55,104,105,94,75,52
368,Gorebyss,Water,None,3,1.8,22.6,170.0,55,84,105,114,75,52
369,Relicanth,Water,Rock,3,1.0,23.4,170.0,100,90,130,45,65,55
370,Luvdisc,Water,None,3,0.6,8.7,116.0,43,30,55,40,65,97
371,Bagon,Dragon,None,3,0.6,42.1,60.0,45,75,60,40,30,50
372,Shelgon,Dragon,None,3,1.1,110.5,147.0,65,95,100,60,50,50
373,Salamence,Dragon,Flying,3,1.5,102.6,270.0,95,135,80,110,80,100
374,Beldum,Steel,Psychic,3,0.6,95.2,60.0,40,55,80,35,60,30
375,Metang,Steel,Psychic,3,1.2,202.5,147.0,60,75,100,55,80,50
376,Metagross,Steel,Psychic,3,1.6,550.0,270.0,80,135,130,95,90,70
377,Regirock,Rock,None,3,1.7,230.0,261.0,80,100,200,50,100,50
378,Regice,Ice,None,3,1.8,175.0,261.0,80,50,100,100,200,50
379,Registeel,Steel,None,3,1.9,205.0,261.0,80,75,150,75,150,50
380,Latias,Dragon,Psychic,3,1.4,40.0,270.0,80,80,90,110,130,110
381,Latios,Dragon,Psychic,3,2.0,60.0,270.0,80,90,80,130,110,110
382,Kyogre,Water,None,3,4.5,352.0,302.0,100,100,90,150,140,90
383,Groudon,Ground,None,3,3.5,950.0,302.0,100,150,140,100,90,90
384,Rayquaza,Dragon,Flying,3,7.0,206.5,306.0,105,150,90,150,90,95
385,Jirachi,Steel,Psychic,3,0.3,1.1,270.0,100,100,100,100,100,100
386,Deoxys,Psychic,None,3,1.7,60.8,270.0,50,150,50,150,50,150
387,Turtwig,Grass,None,4,0.4,10.2,64.0,55,68,64,45,55,31
388,Grotle,Grass,None,4,1.1,97.0,142.0,75,89,85,55,65,36
389,Torterra,Grass,Ground,4,2.2,310.0,236.0,95,109,105,75,85,56
390,Chimchar,Fire,None,4,0.5,6.2,62.0,44,58,44,58,44,61
391,Monferno,Fire,Fighting,4,0.9,22.0,142.0,64,78,52,78,52,81
392,Infernape,Fire,Fighting,4,1.2,55.0,240.0,76,104,71,104,71,108
393,Piplup,Water,None,4,0.4,5.2,63.0,53,51,53,61,56,40
394,Prinplup,Water,None,4,0.8,23.0,142.0,64,66,68,81,76,50
395,Empoleon,Water,Steel,4,1.7,84.5,239.0,84,86,88,111,101,60
396,Starly,Normal,Flying,4,0.3,2.0,49.0,40,55,30,30,30,60
397,Staravia,Normal,Flying,4,0.6,15.5,119.0,55,75,50,40,40,80
398,Staraptor,Normal,Flying,4,1.2,24.9,218.0,85,120,70,50,60,100
399,Bidoof,Normal,None,4,0.5,20.0,50.0,59,45,40,35,40,31
400,Bibarel,Normal,Water,4,1.0,31.5,144.0,79,85,60,55,60,71
401,Kricketot,Bug,None,4,0.3,2.2,39.0,37,25,41,25,41,25
402,Kricketune,Bug,None,4,1.0,25.5,134.0,77,85,51,55,51,65
403,Shinx,Electric,None,4,0.5,9.5,53.0,45,65,34,40,34,45
404,Luxio,Electric,None,4,0.9,30.5,127.0,60,85,49,60,49,60
405,Luxray,Electric,None,4,1.4,42.0,235.0,80,120,79,95,79,70
406,Budew,Grass,Poison,4,0.2,1.2,56.0,40,30,35,50,70,55
407,Roserade,Grass,Poison,4,0.9,14.5,232.0,60,70,65,125,105,90
408,Cranidos,Rock,None,4,0.9,31.5,70.0,67,125,40,30,30,58
409,Rampardos,Rock,None,4,1.6,102.5,173.0,97,165,60,65,50,58
410,Shieldon,Rock,Steel,4,0.5,57.0,70.0,30,42,118,42,88,30
411,Bastiodon,Rock,Steel,4,1.3,149.5,173.0,60,52,168,47,138,30
412,Burmy,Bug,None,4,0.2,3.4,45.0,40,29,45,29,45,36
413,Wormadam,Bug,Grass,4,0.5,6.5,148.0,60,59,85,79,105,36
414,Mothim,Bug,Flying,4,0.9,23.3,148.0,70,94,50,94,50,66
415,Combee,Bug,Flying,4,0.3,5.5,49.0,30,30,42,30,42,70
416,Vespiquen,Bug,Flying,4,1.2,38.5,166.0,70,80,102,80,102,40
417,Pachirisu,Electric,None,4,0.4,3.9,142.0,60,45,70,45,90,95
418,Buizel,Water,None,4,0.7,29.5,66.0,55,65,35,60,30,85
419,Floatzel,Water,None,4,1.1,33.5,173.0,85,105,55,85,50,115
420,Cherubi,Grass,None,4,0.4,3.3,55.0,45,35,45,62,53,35
421,Cherrim,Grass,None,4,0.5,9.3,158.0,70,60,70,87,78,85
422,Shellos,Water,None,4,0.3,6.3,65.0,76,48,48,57,62,34
423,Gastrodon,Water,Ground,4,0.9,29.9,166.0,111,83,68,92,82,39
424,Ambipom,Normal,None,4,1.2,20.3,169.0,75,100,66,60,66,115
425,Drifloon,Ghost,Flying,4,0.4,1.2,70.0,90,50,34,60,44,70
426,Drifblim,Ghost,Flying,4,1.2,15.0,174.0,150,80,44,90,54,80
427,Buneary,Normal,None,4,0.4,5.5,70.0,55,66,44,44,56,85
428,Lopunny,Normal,None,4,1.2,33.3,168.0,65,76,84,54,96,105
429,Mismagius,Ghost,None,4,0.9,4.4,173.0,60,60,60,105,105,105
430,Honchkrow,Dark,Flying,4,0.9,27.3,177.0,100,125,52,105,52,71
431,Glameow,Normal,None,4,0.5,3.9,62.0,49,55,42,42,37,85
432,Purugly,Normal,None,4,1.0,43.8,158.0,71,82,64,64,59,112
433,Chingling,Psychic,None,4,0.2,0.6,57.0,45,30,50,65,50,45
434,Stunky,Poison,Dark,4,0.4,19.2,66.0,63,63,47,41,41,74
435,Skuntank,Poison,Dark,4,1.0,38.0,168.0,103,93,67,71,61,84
436,Bronzor,Steel,Psychic,4,0.5,60.5,60.0,57,24,86,24,86,23
437,Bronzong,Steel,Psychic,4,1.3,187.0,175.0,67,89,116,79,116,33
438,Bonsly,Rock,None,4,0.5,15.0,58.0,50,80,95,10,45,10
439,Mime Jr.,Psychic,Fairy,4,0.6,13.0,62.0,20,25,45,70,90,60
440,Happiny,Normal,None,4,0.6,24.4,110.0,100,5,5,15,65,30
441,Chatot,Normal,Flying,4,0.5,1.9,144.0,76,65,45,92,42,91
442,Spiritomb,Ghost,Dark,4,1.0,108.0,170.0,50,92,108,92,108,35
443,Gible,Dragon,Ground,4,0.7,20.5,60.0,58,70,45,40,45,42
444,Gabite,Dragon,Ground,4,1.4,56.0,144.0,68,90,65,50,55,82
445,Garchomp,Dragon,Ground,4,1.9,95.0,270.0,108,130,95,80,85,102
446,Munchlax,Normal,None,4,0.6,105.0,78.0,135,85,40,40,85,5
447,Riolu,Fighting,None,4,0.7,20.2,57.0,40,70,40,35,40,60
448,Lucario,Fighting,Steel,4,1.2,54.0,184.0,70,110,70,115,70,90
449,Hippopotas,Ground,None,4,0.8,49.5,66.0,68,72,78,38,42,32
450,Hippowdon,Ground,None,4,2.0,300.0,184.0,108,112,118,68,72,47
451,Skorupi,Poison,Bug,4,0.8,12.0,66.0,40,50,90,30,55,65
452,Drapion,Poison,Dark,4,1.3,61.5,175.0,70,90,110,60,75,95
453,Croagunk,Poison,Fighting,4,0.7,23.0,60.0,48,61,40,61,40,50
454,Toxicroak,Poison,Fighting,4,1.3,44.4,172.0,83,106,65,86,65,85
455,Carnivine,Grass,None,4,1.4,27.0,159.0,74,100,72,90,72,46
456,Finneon,Water,None,4,0.4,7.0,66.0,49,49,56,49,61,66
457,Lumineon,Water,None,4,1.2,24.0,161.0,69,69,76,69,86,91
458,Mantyke,Water,Flying,4,1.0,65.0,69.0,45,20,50,60,120,50
459,Snover,Grass,Ice,4,1.0,50.5,67.0,60,62,50,62,60,40
460,Abomasnow,Grass,Ice,4,2.2,135.5,173.0,90,92,75,92,85,60
461,Weavile,Dark,Ice,4,1.1,34.0,179.0,70,120,65,45,85,125
462,Magnezone,Electric,Steel,4,1.2,180.0,241.0,70,70,115,130,90,60
463,Lickilicky,Normal,None,4,1.7,140.0,180.0,110,85,95,80,95,50
464,Rhyperior,Ground,Rock,4,2.4,282.8,241.0,115,140,130,55,55,40
465,Tangrowth,Grass,None,4,2.0,128.6,187.0,100,100,125,110,50,50
466,Electivire,Electric,None,4,1.8,138.6,243.0,75,123,67,95,85,95
467,Magmortar,Fire,None,4,1.6,68.0,243.0,75,95,67,125,95,83
468,Togekiss,Fairy,Flying,4,1.5,38.0,245.0,85,50,95,120,115,80
469,Yanmega,Bug,Flying,4,1.9,51.5,180.0,86,76,86,116,56,95
470,Leafeon,Grass,None,4,1.0,25.5,184.0,65,110,130,60,65,95
471,Glaceon,Ice,None,4,0.8,25.9,184.0,65,60,110,130,95,65
472,Gliscor,Ground,Flying,4,2.0,42.5,179.0,75,95,125,45,75,95
473,Mamoswine,Ice,Ground,4,2.5,291.0,239.0,110,130,80,70,60,80
474,Porygon-Z,Normal,None,4,0.9,34.0,241.0,85,80,70,135,75,90
475,Gallade,Psychic,Fighting,4,1.6,52.0,233.0,68,125,65,65,115,80
476,Probopass,Rock,Steel,4,1.4,340.0,184.0,60,55,145,75,150,40
477,Dusknoir,Ghost,None,4,2.2,106.6,236.0,45,100,135,65,135,45
478,Froslass,Ice,Ghost,4,1.3,26.6,168.0,70,80,70,80,70,110
479,Rotom,Electric,Ghost,4,0.3,0.3,154.0,50,50,77,95,77,91
480,Uxie,Psychic,None,4,0.3,0.3,261.0,75,75,130,75,130,95
481,Mesprit,Psychic,None,4,0.3,0.3,261.0,80,105,105,105,105,80
482,Azelf,Psychic,None,4,0.3,0.3,261.0,75,125,70,125,70,115
483,Dialga,Steel,Dragon,4,5.4,683.0,306.0,100,120,120,150,100,90
484,Palkia,Water,Dragon,4,4.2,336.0,306.0,90,120,100,150,120,100
485,Heatran,Fire,Steel,4,1.7,430.0,270.0,91,90,106,130,106,77
486,Regigigas,Normal,None,4,3.7,420.0,302.0,110,160,110,80,110,100
487,Giratina,Ghost,Dragon,4,4.5,750.0,306.0,150,100,120,100,120,90
488,Cresselia,Psychic,None,4,1.5,85.6,270.0,120,70,110,75,120,85
489,Phione,Water,None,4,0.4,3.1,216.0,80,80,80,80,80,80
490,Manaphy,Water,None,4,0.3,1.4,270.0,100,100,100,100,100,100
491,Darkrai,Dark,None,4,1.5,50.5,270.0,70,90,90,135,90,125
492,Shaymin,Grass,None,4,0.2,2.1,270.0,100,100,100,100,100,100
493,Arceus,Normal,None,4,3.2,320.0,324.0,120,120,120,120,120,120
494,Victini,Psychic,Fire,5,0.4,4.0,270.0,100,100,100,100,100,100
495,Snivy,Grass,None,5,0.6,8.1,62.0,45,45,55,45,55,63
496,Servine,Grass,None,5,0.8,16.0,145.0,60,60,75,60,75,83
497,Serperior,Grass,None,5,3.3,63.0,238.0,75,75,95,75,95,113
498,Tepig,Fire,None,5,0.5,9.9,62.0,65,63,45,45,45,45
499,Pignite,Fire,Fighting,5,1.0,55.5,146.0,90,93,55,70,55,55
500,Emboar,Fire,Fighting,5,1.6,150.0,238.0,110,123,65,100,65,65
501,Oshawott,Water,None,5,0.5,5.9,62.0,55,55,45,63,45,45
502,Dewott,Water,None,5,0.8,24.5,145.0,75,75,60,83,60,60
503,Samurott,Water,None,5,1.5,94.6,238.0,95,100,85,108,70,70
504,Patrat,Normal,None,5,0.5,11.6,51.0,45,55,39,35,39,42
505,Watchog,Normal,None,5,1.1,27.0,147.0,60,85,69,60,69,77
506,Lillipup,Normal,None,5,0.4,4.1,55.0,45,60,45,25,45,55
507,Herdier,Normal,None,5,0.9,14.7,130.0,65,80,65,35,65,60
508,Stoutland,Normal,None,5,1.2,61.0,225.0,85,110,90,45,90,80
509,Purrloin,Dark,None,5,0.4,10.1,56.0,41,50,37,50,37,66
510,Liepard,Dark,None,5,1.1,37.5,156.0,64,88,50,88,50,106
511,Pansage,Grass,None,5,0.6,10.5,63.0,50,53,48,53,48,64
512,Simisage,Grass,None,5,1.1,30.5,174.0,75,98,63,98,63,101
513,Pansear,Fire,None,5,0.6,11.0,63.0,50,53,48,53,48,64
514,Simisear,Fire,None,5,1.0,28.0,174.0,75,98,63,98,63,101
515,Panpour,Water,None,5,0.6,13.5,63.0,50,53,48,53,48,64
516,Simipour,Water,None,5,1.0,29.0,174.0,75,98,63,98,63,101
517,Munna,Psychic,None,5,0.6,23.3,58.0,76,25,45,67,55,24
518,Musharna,Psychic,None,5,1.1,60.5,170.0,116,55,85,107,95,29
519,Pidove,Normal,Flying,5,0.3,2.1,53.0,50,55,50,36,30,43
520,Tranquill,Normal,Flying,5,0.6,15.0,125.0,62,77,62,50,42,65
521,Unfezant,Normal,Flying,5,1.2,29.0,220.0,80,115,80,65,55,93
522,Blitzle,Electric,None,5,0.8,29.8,59.0,45,60,32,50,32,76
523,Zebstrika,Electric,None,5,1.6,79.5,174.0,75,100,63,80,63,116
524,Roggenrola,Rock,None,5,0.4,18.0,56.0,55,75,85,25,25,15
525,Boldore,Rock,None,5,0.9,102.0,137.0,70,105,105,50,40,20
526,Gigalith,Rock,None,5,1.7,260.0,232.0,85,135,130,60,80,25
527,Woobat,Psychic,Flying,5,0.4,2.1,65.0,65,45,43,55,43,72
528,Swoobat,Psychic,Flying,5,0.9,10.5,149.0,67,57,55,77,55,114
529,Drilbur,Ground,None,5,0.3,8.5,66.0,60,85,40,30,45,68
530,Excadrill,Ground,Steel,5,0.7,40.4,178.0,110,135,60,50,65,88
531,Audino,Normal,None,5,1.1,31.0,390.0,103,60,86,60,86,50
532,Timburr,Fighting,None,5,0.6,12.5,61.0,75,80,55,25,35,35
533,Gurdurr,Fighting,None,5,1.2,40.0,142.0,85,105,85,40,50,40
534,Conkeldurr,Fighting,None,5,1.4,87.0,227.0,105,140,95,55,65,45
535,Tympole,Water,None,5,0.5,4.5,59.0,50,50,40,50,40,64
536,Palpitoad,Water,Ground,5,0.8,17.0,134.0,75,65,55,65,55,69
537,Seismitoad,Water,Ground,5,1.5,62.0,229.0,105,95,75,85,75,74
538,Throh,Fighting,None,5,1.3,55.5,163.0,120,100,85,30,85,45
539,Sawk,Fighting,None,5,1.4,51.0,163.0,75,125,75,30,75,85
540,Sewaddle,Bug,Grass,5,0.3,2.5,62.0,45,53,70,40,60,42
541,Swadloon,Bug,Grass,5,0.5,7.3,133.0,55,63,90,50,80,42
542,Leavanny,Bug,Grass,5,1.2,20.5,225.0,75,103,80,70,80,92
543,Venipede,Bug,Poison,5,0.4,5.3,52.0,30,45,59,30,39,57
544,Whirlipede,Bug,Poison,5,1.2,58.5,126.0,40,55,99,40,79,47
545,Scolipede,Bug,Poison,5,2.5,200.5,218.0,60,100,89,55,69,112
546,Cottonee,Grass,Fairy,5,0.3,0.6,56.0,40,27,60,37,50,66
547,Whimsicott,Grass,Fairy,5,0.7,6.6,168.0,60,67,85,77,75,116
548,Petilil,Grass,None,5,0.5,6.6,56.0,45,35,50,70,50,30
549,Lilligant,Grass,None,5,1.1,16.3,168.0,70,60,75,110,75,90
550,Basculin,Water,None,5,1.0,18.0,161.0,70,92,65,80,55,98
551,Sandile,Ground,Dark,5,0.7,15.2,58.0,50,72,35,35,35,65
552,Krokorok,Ground,Dark,5,1.0,33.4,123.0,60,82,45,45,45,74
553,Krookodile,Ground,Dark,5,1.5,96.3,234.0,95,117,80,65,70,92
554,Darumaka,Fire,None,5,0.6,37.5,63.0,70,90,45,15,45,50
555,Darmanitan,Fire,None,5,1.3,92.9,168.0,105,140,55,30,55,95
556,Maractus,Grass,None,5,1.0,28.0,161.0,75,86,67,106,67,60
557,Dwebble,Bug,Rock,5,0.3,14.5,65.0,50,65,85,35,35,55
558,Crustle,Bug,Rock,5,1.4,200.0,170.0,70,105,125,65,75,45
559,Scraggy,Dark,Fighting,5,0.6,11.8,70.0,50,75,70,35,70,48
560,Scrafty,Dark,Fighting,5,1.1,30.0,171.0,65,90,115,45,115,58
561,Sigilyph,Psychic,Flying,5,1.4,14.0,172.0,72,58,80,103,80,97
562,Yamask,Ghost,None,5,0.5,1.5,61.0,38,30,85,55,65,30
563,Cofagrigus,Ghost,None,5,1.7,76.5,169.0,58,50,145,95,105,30
564,Tirtouga,Water,Rock,5,0.7,16.5,71.0,54,78,103,53,45,22
565,Carracosta,Water,Rock,5,1.2,81.0,173.0,74,108,133,83,65,32
566,Archen,Rock,Flying,5,0.5,9.5,71.0,55,112,45,74,45,70
567,Archeops,Rock,Flying,5,1.4,32.0,177.0,75,140,65,112,65,110
568,Trubbish,Poison,None,5,0.6,31.0,66.0,50,50,62,40,62,65
569,Garbodor,Poison,None,5,1.9,107.3,166.0,80,95,82,60,82,75
570,Zorua,Dark,None,5,0.7,12.5,66.0,40,65,40,80,40,65
571,Zoroark,Dark,None,5,1.6,81.1,179.0,60,105,60,120,60,105
572,Minccino,Normal,None,5,0.4,5.8,60.0,55,50,40,40,40,75
573,Cinccino,Normal,None,5,0.5,7.5,165.0,75,95,60,65,60,115
574,Gothita,Psychic,None,5,0.4,5.8,58.0,45,30,50,55,65,45
575,Gothorita,Psychic,None,5,0.7,18.0,137.0,60,45,70,75,85,55
576,Gothitelle,Psychic,None,5,1.5,44.0,221.0,70,55,95,95,110,65
577,Solosis,Psychic,None,5,0.3,1.0,58.0,45,30,40,105,50,20
578,Duosion,Psychic,None,5,0.6,8.0,130.0,65,40,50,125,60,30
579,Reuniclus,Psychic,None,5,1.0,20.1,221.0,110,65,75,125,85,30
580,Ducklett,Water,Flying,5,0.5,5.5,61.0,62,44,50,44,50,55
581,Swanna,Water,Flying,5,1.3,24.2,166.0,75,87,63,87,63,98
582,Vanillite,Ice,None,5,0.4,5.7,61.0,36,50,50,65,60,44
583,Vanillish,Ice,None,5,1.1,41.0,138.0,51,65,65,80,75,59
584,Vanilluxe,Ice,None,5,1.3,57.5,241.0,71,95,85,110,95,79
585,Deerling,Normal,Grass,5,0.6,19.5,67.0,60,60,50,40,50,75
586,Sawsbuck,Normal,Grass,5,1.9,92.5,166.0,80,100,70,60,70,95
587,Emolga,Electric,Flying,5,0.4,5.0,150.0,55,75,60,75,60,103
588,Karrablast,Bug,None,5,0.5,5.9,63.0,50,75,45,40,45,60
589,Escavalier,Bug,Steel,5,1.0,33.0,173.0,70,135,105,60,105,20
590,Foongus,Grass,Poison,5,0.2,1.0,59.0,69,55,45,55,55,15
591,Amoonguss,Grass,Poison,5,0.6,10.5,162.0,114,85,70,85,80,30
592,Frillish,Water,Ghost,5,1.2,33.0,67.0,55,40,50,65,85,40
593,Jellicent,Water,Ghost,5,2.2,135.0,168.0,100,60,70,85,105,60
594,Alomomola,Water,None,5,1.2,31.6,165.0,165,75,80,40,45,65
595,Joltik,Bug,Electric,5,0.1,0.6,64.0,50,47,50,57,50,65
596,Galvantula,Bug,Electric,5,0.8,14.3,165.0,70,77,60,97,60,108
597,Ferroseed,Grass,Steel,5,0.6,18.8,61.0,44,50,91,24,86,10
598,Ferrothorn,Grass,Steel,5,1.0,110.0,171.0,74,94,131,54,116,20
599,Klink,Steel,None,5,0.3,21.0,60.0,40,55,70,45,60,30
600,Klang,Steel,None,5,0.6,51.0,154.0,60,80,95,70,85,50
601,Klinklang,Steel,None,5,0.6,81.0,234.0,60,100,115,70,85,90
602,Tynamo,Electric,None,5,0.2,0.3,55.0,35,55,40,45,40,60
603,Eelektrik,Electric,None,5,1.2,22.0,142.0,65,85,70,75,70,40
604,Eelektross,Electric,None,5,2.1,80.5,232.0,85,115,80,105,80,50
605,Elgyem,Psychic,None,5,0.5,9.0,67.0,55,55,55,85,55,30
606,Beheeyem,Psychic,None,5,1.0,34.5,170.0,75,75,75,125,95,40
607,Litwick,Ghost,Fire,5,0.3,3.1,55.0,50,30,55,65,55,20
608,Lampent,Ghost,Fire,5,0.6,13.0,130.0,60,40,60,95,60,55
609,Chandelure,Ghost,Fire,5,1.0,34.3,234.0,60,55,90,145,90,80
610,Axew,Dragon,None,5,0.6,18.0,64.0,46,87,60,30,40,57
611,Fraxure,Dragon,None,5,1.0,36.0,144.0,66,117,70,40,50,67
612,Haxorus,Dragon,None,5,1.8,105.5,243.0,76,147,90,60,70,97
613,Cubchoo,Ice,None,5,0.5,8.5,61.0,55,70,40,60,40,40
614,Beartic,Ice,None,5,2.6,260.0,177.0,95,130,80,70,80,50
615,Cryogonal,Ice,None,5,1.1,148.0,180.0,80,50,50,95,135,105
616,Shelmet,Bug,None,5,0.4,7.7,61.0,50,40,85,40,65,25
617,Accelgor,Bug,None,5,0.8,25.3,173.0,80,70,40,100,60,145
618,Stunfisk,Ground,Electric,5,0.7,11.0,165.0,109,66,84,81,99,32
619,Mienfoo,Fighting,None,5,0.9,20.0,70.0,45,85,50,55,50,65
620,Mienshao,Fighting,None,5,1.4,35.5,179.0,65,125,60,95,60,105
621,Druddigon,Dragon,None,5,1.6,139.0,170.0,77,120,90,60,90,48
622,Golett,Ground,Ghost,5,1.0,92.0,61.0,59,74,50,35,50,35
623,Golurk,Ground,Ghost,5,2.8,330.0,169.0,89,124,80,55,80,55
624,Pawniard,Dark,Steel,5,0.5,10.2,68.0,45,85,70,40,40,60
625,Bisharp,Dark,Steel,5,1.6,70.0,172.0,65,125,100,60,70,70
626,Bouffalant,Normal,None,5,1.6,94.6,172.0,95,110,95,40,95,55
627,Rufflet,Normal,Flying,5,0.5,10.5,70.0,70,83,50,37,50,60
628,Braviary,Normal,Flying,5,1.5,41.0,179.0,100,123,75,57,75,80
629,Vullaby,Dark,Flying,5,0.5,9.0,74.0,70,55,75,45,65,60
630,Mandibuzz,Dark,Flying,5,1.2,39.5,179.0,110,65,105,55,95,80
631,Heatmor,Fire,None,5,1.4,58.0,169.0,85,97,66,105,66,65
632,Durant,Bug,Steel,5,0.3,33.0,169.0,58,109,112,48,48,109
633,Deino,Dark,Dragon,5,0.8,17.3,60.0,52,65,50,45,50,38
634,Zweilous,Dark,Dragon,5,1.4,50.0,147.0,72,85,70,65,70,58
635,Hydreigon,Dark,Dragon,5,1.8,160.0,270.0,92,105,90,125,90,98
636,Larvesta,Bug,Fire,5,1.1,28.8,72.0,55,85,55,50,55,60
637,Volcarona,Bug,Fire,5,1.6,46.0,248.0,85,60,65,135,105,100
638,Cobalion,Steel,Fighting,5,2.1,250.0,261.0,91,90,129,90,72,108
639,Terrakion,Rock,Fighting,5,1.9,260.0,261.0,91,129,90,72,90,108
640,Virizion,Grass,Fighting,5,2.0,200.0,261.0,91,90,72,90,129,108
641,Tornadus,Flying,None,5,1.5,63.0,261.0,79,115,70,125,80,111
642,Thundurus,Electric,Flying,5,1.5,61.0,261.0,79,115,70,125,80,111
643,Reshiram,Dragon,Fire,5,3.2,330.0,306.0,100,120,100,150,120,90
644,Zekrom,Dragon,Electric,5,2.9,345.0,306.0,100,150,120,120,100,90
645,Landorus,Ground,Flying,5,1.5,68.0,270.0,89,125,90,115,80,101
646,Kyurem,Dragon,Ice,5,3.0,325.0,297.0,125,130,90,130,90,95
647,Keldeo,Water,Fighting,5,1.4,48.5,261.0,91,72,90,129,90,108
648,Meloetta,Normal,Psychic,5,0.6,6.5,270.0,100,77,77,128,128,90
649,Genesect,Bug,Steel,5,1.5,82.5,270.0,71,120,95,120,95,99
650,Chespin,Grass,None,6,0.4,9.0,63.0,56,61,65,48,45,38
651,Quilladin,Grass,None,6,0.7,29.0,142.0,61,78,95,56,58,57
652,Chesnaught,Grass,Fighting,6,1.6,90.0,239.0,88,107,122,74,75,64
653,Fennekin,Fire,None,6,0.4,9.4,61.0,40,45,40,62,60,60
654,Braixen,Fire,None,6,1.0,14.5,143.0,59,59,58,90,70,73
655,Delphox,Fire,Psychic,6,1.5,39.0,240.0,75,69,72,114,100,104
656,Froakie,Water,None,6,0.3,7.0,63.0,41,56,40,62,44,71
657,Frogadier,Water,None,6,0.6,10.9,142.0,54,63,52,83,56,97
658,Greninja,Water,Dark,6,1.5,40.0,239.0,72,95,67,103,71,122
659,Bunnelby,Normal,None,6,0.4,5.0,47.0,38,36,38,32,36,57
660,Diggersby,Normal,Ground,6,1.0,42.4,148.0,85,56,77,50,77,78
661,Fletchling,Normal,Flying,6,0.3,1.7,56.0,45,50,43,40,38,62
662,Fletchinder,Fire,Flying,6,0.7,16.0,134.0,62,73,55,56,52,84
663,Talonflame,Fire,Flying,6,1.2,24.5,175.0,78,81,71,74,69,126
664,Scatterbug,Bug,None,6,0.3,2.5,40.0,38,35,40,27,25,35
665,Spewpa,Bug,None,6,0.3,8.4,75.0,45,22,60,27,30,29
666,Vivillon,Bug,Flying,6,1.2,17.0,185.0,80,52,50,90,50,89
667,Litleo,Fire,Normal,6,0.6,13.5,74.0,62,50,58,73,54,72
668,Pyroar,Fire,Normal,6,1.5,81.5,177.0,86,68,72,109,66,106
669,Flabébé,Fairy,None,6,0.1,0.1,61.0,44,38,39,61,79,42
670,Floette,Fairy,None,6,0.2,0.9,130.0,54,45,47,75,98,52
671,Florges,Fairy,None,6,1.1,10.0,248.0,78,65,68,112,154,75
672,Skiddo,Grass,None,6,0.9,31.0,70.0,66,65,48,62,57,52
673,Gogoat,Grass,None,6,1.7,91.0,186.0,123,100,62,97,81,68
674,Pancham,Fighting,None,6,0.6,8.0,70.0,67,82,62,46,48,43
675,Pangoro,Fighting,Dark,6,2.1,136.0,173.0,95,124,78,69,71,58
676,Furfrou,Normal,None,6,1.2,28.0,165.0,75,80,60,65,90,102
677,Espurr,Psychic,None,6,0.3,3.5,71.0,62,48,54,63,60,68
678,Meowstic,Psychic,None,6,0.6,8.5,163.0,74,48,76,83,81,104
679,Honedge,Steel,Ghost,6,0.8,2.0,65.0,45,80,100,35,37,28
680,Doublade,Steel,Ghost,6,0.8,4.5,157.0,59,110,150,45,49,35
681,Aegislash,Steel,Ghost,6,1.7,53.0,234.0,60,50,140,50,140,60
682,Spritzee,Fairy,None,6,0.2,0.5,68.0,78,52,60,63,65,23
683,Aromatisse,Fairy,None,6,0.8,15.5,162.0,101,72,72,99,89,29
684,Swirlix,Fairy,None,6,0.4,3.5,68.0,62,48,66,59,57,49
685,Slurpuff,Fairy,None,6,0.8,5.0,168.0,82,80,86,85,75,72
686,Inkay,Dark,Psychic,6,0.4,3.5,58.0,53,54,53,37,46,45
687,Malamar,Dark,Psychic,6,1.5,47.0,169.0,86,92,88,68,75,73
688,Binacle,Rock,Water,6,0.5,31.0,61.0,42,52,67,39,56,50
689,Barbaracle,Rock,Water,6,1.3,96.0,175.0,72,105,115,54,86,68
690,Skrelp,Poison,Water,6,0.5,7.3,64.0,50,60,60,60,60,30
691,Dragalge,Poison,Dragon,6,1.8,81.5,173.0,65,75,90,97,123,44
692,Clauncher,Water,None,6,0.5,8.3,66.0,50,53,62,58,63,44
693,Clawitzer,Water,None,6,1.3,35.3,100.0,71,73,88,120,89,59
694,Helioptile,Electric,Normal,6,0.5,6.0,58.0,44,38,33,61,43,70
695,Heliolisk,Electric,Normal,6,1.0,21.0,168.0,62,55,52,109,94,109
696,Tyrunt,Rock,Dragon,6,0.8,26.0,72.0,58,89,77,45,45,48
697,Tyrantrum,Rock,Dragon,6,2.5,270.0,182.0,82,121,119,69,59,71
698,Amaura,Rock,Ice,6,1.3,25.2,72.0,77,59,50,67,63,46
699,Aurorus,Rock,Ice,6,2.7,225.0,104.0,123,77,72,99,92,58
700,Sylveon,Fairy,None,6,1.0,23.5,184.0,95,65,65,110,130,60
701,Hawlucha,Fighting,Flying,6,0.8,21.5,175.0,78,92,75,74,63,118
702,Dedenne,Electric,Fairy,6,0.2,2.2,151.0,67,58,57,81,67,101
703,Carbink,Rock,Fairy,6,0.3,5.7,100.0,50,50,150,50,150,50
704,Goomy,Dragon,None,6,0.3,2.8,60.0,45,50,35,55,75,40
705,Sliggoo,Dragon,None,6,0.8,17.5,158.0,68,75,53,83,113,60
706,Goodra,Dragon,None,6,2.0,150.5,270.0,90,100,70,110,150,80
707,Klefki,Steel,Fairy,6,0.2,3.0,165.0,57,80,91,80,87,75
708,Phantump,Ghost,Grass,6,0.4,7.0,62.0,43,70,48,50,60,38
709,Trevenant,Ghost,Grass,6,1.5,71.0,166.0,85,110,76,65,82,56
710,Pumpkaboo,Ghost,Grass,6,0.4,5.0,67.0,49,66,70,44,55,51
711,Gourgeist,Ghost,Grass,6,0.9,12.5,173.0,65,90,122,58,75,84
712,Bergmite,Ice,None,6,1.0,99.5,61.0,55,69,85,32,35,28
713,Avalugg,Ice,None,6,2.0,505.0,180.0,95,117,184,44,46,28
714,Noibat,Flying,Dragon,6,0.5,8.0,49.0,40,30,35,45,40,55
715,Noivern,Flying,Dragon,6,1.5,85.0,187.0,85,70,80,97,80,123
716,Xerneas,Fairy,None,6,3.0,215.0,306.0,126,131,95,131,98,99
717,Yveltal,Dark,Flying,6,5.8,203.0,306.0,126,131,95,131,98,99
718,Zygarde,Dragon,Ground,6,5.0,305.0,270.0,108,100,121,81,95,95
719,Diancie,Rock,Fairy,6,0.7,8.8,270.0,50,100,150,100,150,50
720,Hoopa,Psychic,Ghost,6,0.5,9.0,270.0,80,110,60,150,130,70
721,Volcanion,Fire,Water,6,1.7,195.0,270.0,80,110,120,130,90,70
722,Rowlet,Grass,Flying,7,0.3,1.5,64.0,68,55,55,50,50,42
723,Dartrix,Grass,Flying,7,0.7,16.0,147.0,78,75,75,70,70,52
724,Decidueye,Grass,Ghost,7,1.6,36.6,239.0,78,107,75,100,100,70
725,Litten,Fire,None,7,0.4,4.3,64.0,45,65,40,60,40,70
726,Torracat,Fire,None,7,0.7,25.0,147.0,65,85,50,80,50,90
727,Incineroar,Fire,Dark,7,1.8,83.0,239.0,95,115,90,80,90,60
728,Popplio,Water,None,7,0.4,7.5,64.0,50,54,54,66,56,40
729,Brionne,Water,None,7,0.6,17.5,147.0,60,69,69,91,81,50
730,Primarina,Water,Fairy,7,1.8,44.0,239.0,80,74,74,126,116,60
731,Pikipek,Normal,Flying,7,0.3,1.2,53.0,35,75,30,30,30,65
732,Trumbeak,Normal,Flying,7,0.6,14.8,124.0,55,85,50,40,50,75
733,Toucannon,Normal,Flying,7,1.1,26.0,218.0,80,120,75,75,75,60
734,Yungoos,Normal,None,7,0.4,6.0,51.0,48,70,30,30,30,45
735,Gumshoos,Normal,None,7,0.7,14.2,146.0,88,110,60,55,60,45
736,Grubbin,Bug,None,7,0.4,4.4,60.0,47,62,45,55,45,46
737,Charjabug,Bug,Electric,7,0.5,10.5,140.0,57,82,95,55,75,36
738,Vikavolt,Bug,Electric,7,1.5,45.0,225.0,77,70,90,145,75,43
739,Crabrawler,Fighting,None,7,0.6,7.0,68.0,47,82,57,42,47,63
740,Crabominable,Fighting,Ice,7,1.7,180.0,167.0,97,132,77,62,67,43
741,Oricorio,Fire,Flying,7,0.6,3.4,167.0,75,70,70,98,70,93
742,Cutiefly,Bug,Fairy,7,0.1,0.2,61.0,40,45,40,55,40,84
743,Ribombee,Bug,Fairy,7,0.2,0.5,162.0,60,55,60,95,70,124
744,Rockruff,Rock,None,7,0.5,9.2,56.0,45,65,40,30,40,60
745,Lycanroc,Rock,None,7,0.8,25.0,170.0,75,115,65,55,65,112
746,Wishiwashi,Water,None,7,0.2,0.3,61.0,45,20,20,25,25,40
747,Mareanie,Poison,Water,7,0.4,8.0,61.0,50,53,62,43,52,45
748,Toxapex,Poison,Water,7,0.7,14.5,173.0,50,63,152,53,142,35
749,Mudbray,Ground,None,7,1.0,110.0,77.0,70,100,70,45,55,45
750,Mudsdale,Ground,None,7,2.5,920.0,175.0,100,125,100,55,85,35
751,Dewpider,Water,Bug,7,0.3,4.0,54.0,38,40,52,40,72,27
752,Araquanid,Water,Bug,7,1.8,82.0,159.0,68,70,92,50,132,42
753,Fomantis,Grass,None,7,0.3,1.5,50.0,40,55,35,50,35,35
754,Lurantis,Grass,None,7,0.9,18.5,168.0,70,105,90,80,90,45
755,Morelull,Grass,Fairy,7,0.2,1.5,57.0,40,35,55,65,75,15
756,Shiinotic,Grass,Fairy,7,1.0,11.5,142.0,60,45,80,90,100,30
757,Salandit,Poison,Fire,7,0.6,4.8,64.0,48,44,40,71,40,77
758,Salazzle,Poison,Fire,7,1.2,22.2,168.0,68,64,60,111,60,117
759,Stufful,Normal,Fighting,7,0.5,6.8,68.0,70,75,50,45,50,50
760,Bewear,Normal,Fighting,7,2.1,135.0,175.0,120,125,80,55,60,60
761,Bounsweet,Grass,None,7,0.3,3.2,42.0,42,30,38,30,38,32
762,Steenee,Grass,None,7,0.7,8.2,102.0,52,40,48,40,48,62
763,Tsareena,Grass,None,7,1.2,21.4,230.0,72,120,98,50,98,72
764,Comfey,Fairy,None,7,0.1,0.3,170.0,51,52,90,82,110,100
765,Oranguru,Normal,Psychic,7,1.5,76.0,172.0,90,60,80,90,110,60
766,Passimian,Fighting,None,7,2.0,82.8,172.0,100,120,90,40,60,80
767,Wimpod,Bug,Water,7,0.5,12.0,46.0,25,35,40,20,30,80
768,Golisopod,Bug,Water,7,2.0,108.0,186.0,75,125,140,60,90,40
769,Sandygast,Ghost,Ground,7,0.5,70.0,64.0,55,55,80,70,45,15
770,Palossand,Ghost,Ground,7,1.3,250.0,168.0,85,75,110,100,75,35
771,Pyukumuku,Water,None,7,0.3,1.2,144.0,55,60,130,30,130,5
772,Type: Null,Normal,None,7,1.9,120.5,107.0,95,95,95,95,95,59
773,Silvally,Normal,None,7,2.3,100.5,257.0,95,95,95,95,95,95
774,Minior,Rock,Flying,7,0.3,40.0,154.0,60,60,100,60,100,60
775,Komala,Normal,None,7,0.4,19.9,168.0,65,115,65,75,95,65
776,Turtonator,Fire,Dragon,7,2.0,212.0,170.0,60,78,135,91,85,36
777,Togedemaru,Electric,Steel,7,0.3,3.3,152.0,65,98,63,40,73,96
778,Mimikyu,Ghost,Fairy,7,0.2,0.7,167.0,55,90,80,50,105,96
779,Bruxish,Water,Psychic,7,0.9,19.0,166.0,68,105,70,70,70,92
780,Drampa,Normal,Dragon,7,3.0,185.0,170.0,78,60,85,135,91,36
781,Dhelmise,Ghost,Grass,7,3.9,210.0,181.0,70,131,100,86,90,40
782,Jangmo-o,Dragon,None,7,0.6,29.7,60.0,45,55,65,45,45,45
783,Hakamo-o,Dragon,Fighting,7,1.2,47.0,147.0,55,75,90,65,70,65
784,Kommo-o,Dragon,Fighting,7,1.6,78.2,270.0,75,110,125,100,105,85
785,Tapu Koko,Electric,Fairy,7,1.8,20.5,257.0,70,115,85,95,75,130
786,Tapu Lele,Psychic,Fairy,7,1.2,18.6,257.0,70,85,75,130,115,95
787,Tapu Bulu,Grass,Fairy,7,1.9,45.5,257.0,70,130,115,85,95,75
788,Tapu Fini,Water,Fairy,7,1.3,21.2,257.0,70,75,115,95,130,85
789,Cosmog,Psychic,None,7,0.2,0.1,40.0,43,29,31,29,31,37
790,Cosmoem,Psychic,None,7,0.1,999.9,140.0,43,29,131,29,131,37
791,Solgaleo,Psychic,Steel,7,3.4,230.0,306.0,137,137,107,113,89,97
792,Lunala,Psychic,Ghost,7,4.0,120.0,306.0,137,113,89,137,107,97
793,Nihilego,Rock,Poison,7,1.2,55.5,257.0,109,53,47,127,131,103
794,Buzzwole,Bug,Fighting,7,2.4,333.6,257.0,107,139,139,53,53,79
795,Pheromosa,Bug,Fighting,7,1.8,25.0,257.0,71,137,37,137,37,151
796,Xurkitree,Electric,None,7,3.8,100.0,257.0,83,89,71,173,71,83
797,Celesteela,Steel,Flying,7,9.2,999.9,257.0,97,101,103,107,101,61
798,Kartana,Grass,Steel,7,0.3,0.1,257.0,59,181,131,59,31,109
799,Guzzlord,Dark,Dragon,7,5.5,888.0,257.0,223,101,53,97,53,43
800,Necrozma,Psychic,None,7,2.4,230.0,270.0,97,107,101,127,89,79
801,Magearna,Steel,Fairy,7,1.0,80.5,270.0,80,95,115,130,115,65
802,Marshadow,Fighting,Ghost,7,0.7,22.2,270.0,90,125,80,90,90,125
803,Poipole,Poison,None,7,0.6,1.8,189.0,67,73,67,73,67,73
804,Naganadel,Poison,Dragon,7,3.6,150.0,243.0,73,73,73,127,73,121
805,Stakataka,Rock,Steel,7,5.5,820.0,257.0,61,131,211,53,101,13
806,Blacephalon,Fire,Ghost,7,1.8,13.0,257.0,53,127,53,151,79,107
807,Zeraora,Electric,None,7,1.5,44.5,270.0,88,112,75,102,80,143
808,Meltan,Steel,None,7,0.2,8.0,135.0,46,65,65,55,35,34
809,Melmetal,Steel,None,7,2.5,800.0,270.0,135,143,143,80,65,34
810,Grookey,Grass,None,8,0.3,5.0,62.0,50,65,50,40,40,65
811,Thwackey,Grass,None,8,0.7,14.0,147.0,70,85,70,55,60,80
812,Rillaboom,Grass,None,8,2.1,90.0,265.0,100,125,90,60,70,85
813,Scorbunny,Fire,None,8,0.3,4.5,62.0,50,71,40,40,40,69
814,Raboot,Fire,None,8,0.6,9.0,147.0,65,86,60,55,60,94
815,Cinderace,Fire,None,8,1.4,33.0,265.0,80,116,75,65,75,119
816,Sobble,Water,None,8,0.3,4.0,62.0,50,40,40,70,40,70
817,Drizzile,Water,None,8,0.7,11.5,147.0,65,60,55,95,55,90
818,Inteleon,Water,None,8,1.9,45.2,265.0,70,85,65,125,65,120
819,Skwovet,Normal,None,8,0.3,2.5,55.0,70,55,55,35,35,25
820,Greedent,Normal,None,8,0.6,6.0,161.0,120,95,95,55,75,20
821,Rookidee,Flying,None,8,0.2,1.8,49.0,38,47,35,33,35,57
822,Corvisquire,Flying,None,8,0.8,16.0,128.0,68,67,55,43,55,77
823,Corviknight,Flying,Steel,8,2.2,75.0,248.0,98,87,105,53,85,67
824,Blipbug,Bug,None,8,0.4,8.0,36.0,25,20,20,25,45,45
825,Dottler,Bug,Psychic,8,0.4,19.5,117.0,50,35,80,50,90,30
826,Orbeetle,Bug,Psychic,8,0.4,40.8,253.0,60,45,110,80,120,90
827,Nickit,Dark,None,8,0.6,8.9,49.0,40,28,28,47,52,50
828,Thievul,Dark,None,8,1.2,19.9,159.0,70,58,58,87,92,90
829,Gossifleur,Grass,None,8,0.4,2.2,50.0,40,40,60,40,60,10
830,Eldegoss,Grass,None,8,0.5,2.5,161.0,60,50,90,80,120,60
831,Wooloo,Normal,None,8,0.6,6.0,122.0,42,40,55,40,45,48
832,Dubwool,Normal,None,8,1.3,43.0,172.0,72,80,100,60,90,88
833,Chewtle,Water,None,8,0.3,8.5,57.0,50,64,50,38,38,44
834,Drednaw,Water,Rock,8,1.0,115.5,170.0,90,115,90,48,68,74
835,Yamper,Electric,None,8,0.3,13.5,54.0,59,45,50,40,50,26
836,Boltund,Electric,None,8,1.0,34.0,172.0,69,90,60,90,60,121
837,Rolycoly,Rock,None,8,0.3,12.0,48.0,30,40,50,40,50,30
838,Carkol,Rock,Fire,8,1.1,78.0,144.0,80,60,90,60,70,50
839,Coalossal,Rock,Fire,8,2.8,310.5,255.0,110,80,120,80,90,30
840,Applin,Grass,Dragon,8,0.2,0.5,52.0,40,40,80,40,40,20
841,Flapple,Grass,Dragon,8,0.3,1.0,170.0,70,110,80,95,60,70
842,Appletun,Grass,Dragon,8,0.4,13.0,170.0,110,85,80,100,80,30
843,Silicobra,Ground,None,8,2.2,7.6,63.0,52,57,75,35,50,46
844,Sandaconda,Ground,None,8,3.8,65.5,179.0,72,107,125,65,70,71
845,Cramorant,Flying,Water,8,0.8,18.0,166.0,70,85,55,85,95,85
846,Arrokuda,Water,None,8,0.5,1.0,56.0,41,63,40,40,30,66
847,Barraskewda,Water,None,8,1.3,30.0,172.0,61,123,60,60,50,136
848,Toxel,Electric,Poison,8,0.4,11.0,48.0,40,38,35,54,35,40
849,Toxtricity,Electric,Poison,8,1.6,40.0,176.0,75,98,70,114,70,75
850,Sizzlipede,Fire,Bug,8,0.7,1.0,61.0,50,65,45,50,50,45
851,Centiskorch,Fire,Bug,8,3.0,120.0,184.0,100,115,65,90,90,65
852,Clobbopus,Fighting,None,8,0.6,4.0,62.0,50,68,60,50,50,32
853,Grapploct,Fighting,None,8,1.6,39.0,168.0,80,118,90,70,80,42
854,Sinistea,Ghost,None,8,0.1,0.2,62.0,40,45,45,74,54,50
855,Polteageist,Ghost,None,8,0.2,0.4,178.0,60,65,65,134,114,70
856,Hatenna,Psychic,None,8,0.4,3.4,53.0,42,30,45,56,53,39
857,Hattrem,Psychic,None,8,0.6,4.8,130.0,57,40,65,86,73,49
858,Hatterene,Psychic,Fairy,8,2.1,5.1,255.0,57,90,95,136,103,29
859,Impidimp,Dark,Fairy,8,0.4,5.5,53.0,45,45,30,55,40,50
860,Morgrem,Dark,Fairy,8,0.8,12.5,130.0,65,60,45,75,55,70
861,Grimmsnarl,Dark,Fairy,8,1.5,61.0,255.0,95,120,65,95,75,60
862,Obstagoon,Dark,Normal,8,1.6,46.0,260.0,93,90,101,60,81,95
863,Perrserker,Steel,None,8,0.8,28.0,154.0,70,110,100,50,60,50
864,Cursola,Ghost,None,8,1.0,0.4,179.0,60,95,50,145,130,30
865,Sirfetch’d,Fighting,None,8,0.8,117.0,177.0,62,135,95,68,82,65
866,Mr. Rime,Ice,Psychic,8,1.5,58.2,182.0,80,85,75,110,100,70
867,Runerigus,Ground,Ghost,8,1.6,66.6,169.0,58,95,145,50,105,30
868,Milcery,Fairy,None,8,0.2,0.3,54.0,45,40,40,50,61,34
869,Alcremie,Fairy,None,8,0.3,0.5,173.0,65,60,75,110,121,64
870,Falinks,Fighting,None,8,3.0,62.0,165.0,65,100,100,70,60,75
871,Pincurchin,Electric,None,8,0.3,1.0,152.0,48,101,95,91,85,15
872,Snom,Ice,Bug,8,0.3,3.8,37.0,30,25,35,45,30,20
873,Frosmoth,Ice,Bug,8,1.3,42.0,166.0,70,65,60,125,90,65
874,Stonjourner,Rock,None,8,2.5,520.0,165.0,100,125,135,20,20,70
875,Eiscue,Ice,None,8,1.4,89.0,165.0,75,80,110,65,90,50
876,Indeedee,Psychic,Normal,8,0.9,28.0,166.0,60,65,55,105,95,95
877,Morpeko,Electric,Dark,8,0.3,3.0,153.0,58,95,58,70,58,97
878,Cufant,Steel,None,8,1.2,100.0,66.0,72,80,49,40,49,40
879,Copperajah,Steel,None,8,3.0,650.0,175.0,122,130,69,80,69,30
880,Dracozolt,Electric,Dragon,8,1.8,190.0,177.0,90,100,90,80,70,75
881,Arctozolt,Electric,Ice,8,2.3,150.0,177.0,90,100,90,90,80,55
882,Dracovish,Water,Dragon,8,2.3,215.0,177.0,90,90,100,70,80,75
883,Arctovish,Water,Ice,8,2.0,175.0,177.0,90,90,100,80,90,55
884,Duraludon,Steel,Dragon,8,1.8,40.0,187.0,70,95,115,120,50,85
885,Dreepy,Dragon,Ghost,8,0.5,2.0,54.0,28,60,30,40,30,82
886,Drakloak,Dragon,Ghost,8,1.4,11.0,144.0,68,80,50,60,50,102
887,Dragapult,Dragon,Ghost,8,3.0,50.0,300.0,88,120,75,100,75,142
888,Zacian,Fairy,None,8,2.8,110.0,335.0,92,120,115,80,115,138
889,Zamazenta,Fighting,None,8,2.9,210.0,335.0,92,120,115,80,115,138
890,Eternatus,Poison,Dragon,8,20.0,950.0,345.0,140,85,95,145,95,130
891,Kubfu,Fighting,None,8,0.6,12.0,77.0,60,90,60,53,50,72
892,Urshifu,Fighting,Dark,8,1.9,105.0,275.0,100,130,100,63,60,97
893,Zarude,Dark,Grass,8,1.8,70.0,300.0,105,120,105,70,95,105
894,Regieleki,Electric,None,8,1.2,145.0,290.0,80,100,50,100,50,200
895,Regidrago,Dragon,None,8,2.1,200.0,290.0,200,100,50,100,50,80
896,Glastrier,Ice,None,8,2.2,800.0,290.0,100,145,130,65,110,30
897,Spectrier,Ghost,None,8,2.0,44.5,290.0,100,65,60,145,80,130
898,Calyrex,Psychic,Grass,8,1.1,7.7,250.0,100,80,80,80,80,80
899,Wyrdeer,Normal,Psychic,8,1.8,95.1,263.0,103,105,72,105,75,65
900,Kleavor,Bug,Rock,8,1.8,89.0,175.0,70,135,95,45,70,85
901,Ursaluna,Ground,Normal,8,2.4,290.0,275.0,130,140,105,45,80,50
902,Basculegion,Water,Ghost,8,3.0,110.0,265.0,120,112,65,80,75,78
903,Sneasler,Fighting,Poison,8,1.3,43.0,102.0,80,130,60,40,80,120
904,Overqwil,Dark,Poison,8,2.5,60.5,179.0,85,115,95,65,65,85
905,Enamorus,Fairy,Flying,8,1.6,48.0,116.0,74,115,70,135,80,106
906,Sprigatito,Grass,None,9,0.4,4.1,62.0,40,61,54,45,45,65
907,Floragato,Grass,None,9,0.9,12.2,144.0,61,80,63,60,63,83
908,Meowscarada,Grass,Dark,9,1.5,31.2,265.0,76,110,70,81,70,123
909,Fuecoco,Fire,None,9,0.4,9.8,62.0,67,45,59,63,40,36
910,Crocalor,Fire,None,9,1.0,30.7,144.0,81,55,78,90,58,49
911,Skeledirge,Fire,Ghost,9,1.6,326.5,265.0,104,75,100,110,75,66
912,Quaxly,Water,None,9,0.5,6.1,62.0,55,65,45,50,45,50
913,Quaxwell,Water,None,9,1.2,21.5,144.0,70,85,65,65,60,65
914,Quaquaval,Water,Fighting,9,1.8,61.9,265.0,85,120,80,85,75,85
915,Lechonk,Normal,None,9,0.5,10.2,51.0,54,45,40,35,45,35
916,Oinkologne,Normal,None,9,1.0,120.0,171.0,110,100,75,59,80,65
917,Tarountula,Bug,None,9,0.3,4.0,42.0,35,41,45,29,40,20
918,Spidops,Bug,None,9,1.0,16.5,141.0,60,79,92,52,86,35
919,Nymble,Bug,None,9,0.2,1.0,42.0,33,46,40,21,25,45
920,Lokix,Bug,Dark,9,1.0,17.5,158.0,71,102,78,52,55,92
921,Pawmi,Electric,None,9,0.3,2.5,48.0,45,50,20,40,25,60
922,Pawmo,Electric,Fighting,9,0.4,6.5,123.0,60,75,40,50,40,85
923,Pawmot,Electric,Fighting,9,0.9,41.0,245.0,70,115,70,70,60,105
924,Tandemaus,Normal,None,9,0.3,1.8,61.0,50,50,45,40,45,75
925,Maushold,Normal,None,9,0.3,2.8,165.0,74,75,70,65,75,111
926,Fidough,Fairy,None,9,0.3,10.9,62.0,37,55,70,30,55,65
927,Dachsbun,Fairy,None,9,0.5,14.9,167.0,57,80,115,50,80,95
928,Smoliv,Grass,Normal,9,0.3,6.5,52.0,41,35,45,58,51,30
929,Dolliv,Grass,Normal,9,0.6,11.9,124.0,52,53,60,78,78,33
930,Arboliva,Grass,Normal,9,1.4,48.2,255.0,78,69,90,125,109,39
931,Squawkabilly,Normal,Flying,9,0.6,2.4,146.0,82,96,51,45,51,92
932,Nacli,Rock,None,9,0.4,16.0,56.0,55,55,75,35,35,25
933,Naclstack,Rock,None,9,0.6,105.0,124.0,60,60,100,35,65,35
934,Garganacl,Rock,None,9,2.3,240.0,250.0,100,100,130,45,90,35
935,Charcadet,Fire,None,9,0.6,10.5,51.0,40,50,40,50,40,35
936,Armarouge,Fire,Psychic,9,1.5,85.0,263.0,85,60,100,125,80,75
937,Ceruledge,Fire,Ghost,9,1.6,62.0,263.0,75,125,80,60,100,85
938,Tadbulb,Electric,None,9,0.3,0.4,54.0,61,31,41,59,35,45
939,Bellibolt,Electric,None,9,1.2,113.0,173.0,109,64,91,103,83,45
940,Wattrel,Electric,Flying,9,0.4,3.6,56.0,40,40,35,55,40,70
941,Kilowattrel,Electric,Flying,9,1.4,38.6,172.0,70,70,60,105,60,125
942,Maschiff,Dark,None,9,0.5,16.0,68.0,60,78,60,40,51,51
943,Mabosstiff,Dark,None,9,1.1,61.0,177.0,80,120,90,60,70,85
944,Shroodle,Poison,Normal,9,0.2,0.7,58.0,40,65,35,40,35,75
945,Grafaiai,Poison,Normal,9,0.7,27.2,170.0,63,95,65,80,72,110
946,Bramblin,Grass,Ghost,9,0.6,0.6,55.0,40,65,30,45,35,60
947,Brambleghast,Grass,Ghost,9,1.2,6.0,168.0,55,115,70,80,70,90
948,Toedscool,Ground,Grass,9,0.9,33.0,67.0,40,40,35,50,100,70
949,Toedscruel,Ground,Grass,9,1.9,58.0,180.0,80,70,65,80,120,100
950,Klawf,Rock,None,9,1.3,79.0,158.0,70,100,115,35,55,75
951,Capsakid,Grass,None,9,0.3,3.0,61.0,50,62,40,62,40,50
952,Scovillain,Grass,Fire,9,0.9,15.0,170.0,65,108,65,108,65,75
953,Rellor,Bug,None,9,0.2,1.0,54.0,41,50,60,31,58,30
954,Rabsca,Bug,Psychic,9,0.3,3.5,165.0,75,50,85,115,100,45
955,Flittle,Psychic,None,9,0.2,1.5,51.0,30,35,30,55,30,75
956,Espathra,Psychic,None,9,1.9,90.0,168.0,95,60,60,101,60,105
957,Tinkatink,Fairy,Steel,9,0.4,8.9,59.0,50,45,45,35,64,58
958,Tinkatuff,Fairy,Steel,9,0.7,59.1,133.0,65,55,55,45,82,78
959,Tinkaton,Fairy,Steel,9,0.7,112.8,253.0,85,75,77,70,105,94
960,Wiglett,Water,None,9,1.2,1.8,49.0,10,55,25,35,25,95
961,Wugtrio,Water,None,9,1.2,5.4,149.0,35,100,50,50,70,120
962,Bombirdier,Flying,Dark,9,1.5,42.9,243.0,70,103,85,60,85,82
963,Finizen,Water,None,9,1.3,60.2,63.0,70,45,40,45,40,75
964,Palafin,Water,None,9,1.3,60.2,160.0,100,70,72,53,62,100
965,Varoom,Steel,Poison,9,1.0,35.0,60.0,45,70,63,30,45,47
966,Revavroom,Steel,Poison,9,1.8,120.0,175.0,80,119,90,54,67,90
967,Cyclizar,Dragon,Normal,9,1.6,63.0,175.0,70,95,65,85,65,121
968,Orthworm,Steel,None,9,2.5,310.0,240.0,70,85,145,60,55,65
969,Glimmet,Rock,Poison,9,0.7,8.0,70.0,48,35,42,105,60,60
970,Glimmora,Rock,Poison,9,1.5,45.0,184.0,83,55,90,130,81,86
971,Greavard,Ghost,None,9,0.6,35.0,58.0,50,61,60,30,55,34
972,Houndstone,Ghost,None,9,2.0,15.0,171.0,72,101,100,50,97,68
973,Flamigo,Flying,Fighting,9,1.6,37.0,175.0,82,115,74,75,64,90
974,Cetoddle,Ice,None,9,1.2,45.0,67.0,108,68,45,30,40,43
975,Cetitan,Ice,None,9,4.5,700.0,182.0,170,113,65,45,55,73
976,Veluza,Water,Psychic,9,2.5,90.0,167.0,90,102,73,78,65,70
977,Dondozo,Water,None,9,12.0,220.0,265.0,150,100,115,65,65,35
978,Tatsugiri,Dragon,Water,9,0.3,8.0,166.0,68,50,60,120,95,82
979,Annihilape,Fighting,Ghost,9,1.2,56.0,268.0,110,115,80,50,90,90
980,Clodsire,Poison,Ground,9,1.8,223.0,151.0,130,75,60,45,100,20
981,Farigiraf,Normal,Psychic,9,3.2,160.0,260.0,120,90,70,110,70,60
982,Dudunsparce,Normal,None,9,3.6,39.2,182.0,125,100,80,85,75,55
983,Kingambit,Dark,Steel,9,2.0,120.0,275.0,100,135,120,60,85,50
984,Great Tusk,Ground,Fighting,9,2.2,320.0,285.0,115,131,131,53,53,87
985,Scream Tail,Fairy,Psychic,9,1.2,8.0,285.0,115,65,99,65,115,111
986,Brute Bonnet,Grass,Dark,9,1.2,21.0,285.0,111,127,99,79,99,55
987,Flutter Mane,Ghost,Fairy,9,1.4,4.0,285.0,55,55,55,135,135,135
988,Slither Wing,Bug,Fighting,9,3.2,92.0,285.0,85,135,79,85,105,81
989,Sandy Shocks,Electric,Ground,9,2.3,60.0,285.0,85,81,97,121,85,101
990,Iron Treads,Ground,Steel,9,0.9,240.0,285.0,90,112,120,72,70,106
991,Iron Bundle,Ice,Water,9,0.6,11.0,285.0,56,80,114,124,60,136
992,Iron Hands,Fighting,Electric,9,1.8,380.7,285.0,154,140,108,50,68,50
993,Iron Jugulis,Dark,Flying,9,1.3,111.0,285.0,94,80,86,122,80,108
994,Iron Moth,Fire,Poison,9,1.2,36.0,285.0,80,70,60,140,110,110
995,Iron Thorns,Rock,Electric,9,1.6,303.0,285.0,100,134,110,70,84,72
996,Frigibax,Dragon,Ice,9,0.5,17.0,64.0,65,75,45,35,45,55
997,Arctibax,Dragon,Ice,9,0.8,30.0,148.0,90,95,66,45,65,62
998,Baxcalibur,Dragon,Ice,9,2.1,210.0,300.0,115,145,92,75,86,87
999,Gimmighoul,Ghost,None,9,0.3,5.0,60.0,45,30,70,75,70,10
1000,Gholdengo,Steel,Ghost,9,1.2,30.0,275.0,87,60,95,133,91,84
1001,Wo-Chien,Dark,Grass,9,1.5,74.2,285.0,85,85,100,95,135,70
1002,Chien-Pao,Dark,Ice,9,1.9,152.2,285.0,80,120,80,90,65,135
1003,Ting-Lu,Dark,Ground,9,2.7,699.7,285.0,155,110,125,55,80,45
1004,Chi-Yu,Dark,Fire,9,0.4,4.9,285.0,55,80,80,135,120,100
1005,Roaring Moon,Dragon,Dark,9,2.0,380.0,295.0,105,139,71,55,101,119
1006,Iron Valiant,Fairy,Fighting,9,1.4,35.0,295.0,74,130,90,120,60,116
1007,Koraidon,Fighting,Dragon,9,2.5,303.0,335.0,100,135,115,85,100,135
1008,Miraidon,Electric,Dragon,9,3.5,240.0,335.0,100,85,100,135,115,135
1009,Walking Wake,Water,Dragon,9,3.5,280.0,295.0,99,83,91,125,83,109
1010,Iron Leaves,Grass,Psychic,9,1.5,125.0,295.0,90,130,88,70,108,104
1011,Dipplin,Grass,Dragon,9,0.4,9.7,170.0,80,80,110,95,80,40
1012,Poltchageist,Grass,Ghost,9,0.1,1.1,62.0,40,45,45,74,54,50
1013,Sinistcha,Grass,Ghost,9,0.2,2.2,178.0,71,60,106,121,80,70
1014,Okidogi,Poison,Fighting,9,1.8,92.2,278.0,88,128,115,58,86,80
1015,Munkidori,Poison,Psychic,9,1.0,12.2,278.0,88,75,66,130,90,106
1016,Fezandipiti,Poison,Fairy,9,1.4,30.1,278.0,88,91,82,70,125,99
1017,Ogerpon,Grass,None,9,1.2,39.8,275.0,80,120,84,60,96,110
1018,Archaludon,Steel,Dragon,9,2.0,60.0,300.0,90,105,130,125,65,85
1019,Hydrapple,Grass,Dragon,9,1.8,93.0,270.0,106,80,110,120,80,44
1020,Gouging Fire,Fire,Dragon,9,3.5,590.0,295.0,105,115,121,65,93,91
1021,Raging Bolt,Electric,Dragon,9,5.2,480.0,295.0,125,73,91,137,89,75
1022,Iron Boulder,Rock,Psychic,9,1.5,162.5,295.0,90,120,80,68,108,124
1023,Iron Crown,Steel,Psychic,9,1.6,156.0,295.0,90,72,100,122,108,98
1024,Terapagos,Normal,None,9,0.2,6.5,90.0,90,65,85,65,85,60
1025,Pecharunt,Poison,Ghost,9,0.3,0.3,300.0,88,88,160,88,88,88
